{
    "BuildFolder": "C:/Users/Spinarakk/Documents/MCAM/Builds",
    "CameraCalibration": {
        "Apply": true,
        "Chessboard": true,
        "DownscalingRatio": 1,
        "Height": 10,
        "HeightHI": 10,
        "HomographyImage": "C:/Users/Spinarakk/Documents/MCAM/Calibration/snapshotR_0005.png",
        "TestImage": "C:/Users/Spinarakk/Documents/MCAM/Calibration/snapshotR_0018.png",
        "Undistort": true,
        "Width": 15,
        "WidthHI": 13
    },
    "CameraSettings": {
        "BlackLevel": 500,
        "ExposureTime": 23000,
        "FrameDelay": 0,
        "FrameTransmissionDelay": 0,
        "Gain": 51,
        "InterPacketDelay": 0,
        "PacketSize": 1500,
        "PixelFormat": 0,
        "TriggerTimeout": 3
    },
    "Defaults": {
        "BuildName": "Default",
        "EmailAddress": "nicholascklee@gmail.com",
        "Username": "Nicholas Lee"
    },
    "Gridlines": {
        "Size": 100,
        "Thickness": 2
    },
    "IdleTimeout": 1800,
    "ImageCorrection": {
        "CameraMatrix": [
            [
                2509.6556773586117,
                0.0,
                1920.0
            ],
            [
                0.0,
                2506.062571448144,
                1374.0
            ],
            [
                0.0,
                0.0,
                1.0
            ]
        ],
        "CropOffset": [
            1732,
            511
        ],
        "DistortionCoefficients": [
            [
                -0.26287808642481,
                0.1535977514617118,
                0.0,
                0.0,
                -0.05535696778315622
            ]
        ],
        "HomographyMatrix": [
            [
                -1.4907545008330436,
                -0.08877979005931705,
                5968.464221858041
            ],
            [
                1.0064286628754895,
                -1.9328639303135025,
                5311.510195594893
            ],
            [
                0.00030953224606955,
                -1.698638687101476e-05,
                1.0
            ]
        ],
        "HomographyResolution": [
            6004,
            5311
        ],
        "ImageResolution": [
            2436,
            3816
        ],
        "Offset": [
            0,
            0
        ],
        "RMS": 1.683951497950847,
        "ScaleFactor": 6
    },
    "Notifications": {
        "Password": "Amaero2017",
        "Sender": "donotreply.amaero@gmail.com"
    },
    "RecentBuilds": [
        "C:/Users/Spinarakk/Documents/MCAM/Builds/Default.json",
        "C:/Users/Spinarakk/Documents/MCAM/Builds/Demo Build.json"
    ],
    "SliceConverter": {
        "CentrelineT": 3,
        "ContourT": 3
    },
    "Threshold": {
        "HistogramCoat": 5000,
        "HistogramScan": 5000,
        "Occurrences": 1,
        "Overlay": 90.0,
        "PixelSize": 0.01
    }
}