{
    "CameraCalibration":{
        "Apply":false,
        "Chessboard":false,
        "DownscalingRatio":1,
        "Folder":"D:\/Documents\/University Work\/2017 Final Year Project\/Kinect\/Calibration",
        "Height":7,
        "HomographyImage":"D:\/Documents\/MCAM\/Calibration\/image_homography.png",
        "TestImage":"D:\/Documents\/MCAM\/Calibration\/image_test.png",
        "Undistort":false,
        "Width":9
    },
    "CameraSettings":{
        "ExposureTimeAbs":30000,
        "FrameTransmissionDelay":0,
        "InterPacketDelay":0,
        "PacketSize":1500,
        "PixelFormat":0,
        "TriggerTimeout":1
    },
    "ImageCorrection":{
        "CameraMatrix":[
            [
                2573.9702258668,
                0.0,
                1920.0
            ],
            [
                0.0,
                2419.9392275648,
                1374.0
            ],
            [
                0.0,
                0.0,
                1.0
            ]
        ],
        "CropBoundary":[
            1581,
            3991,
            398,
            3868
        ],
        "DistortionCoefficients":[
            [
                -0.2640464569,
                0.1238091428,
                0.0,
                0.0,
                -0.0285638515
            ]
        ],
        "HomographyMatrix":[
            [
                -1.3717514701,
                -0.0297079113,
                5349.1631096499
            ],
            [
                0.8951034278,
                -1.9053315042,
                5235.8509593099
            ],
            [
                0.0003135199,
                -0.0000219168,
                1.0
            ]
        ],
        "Offset":[
            39,
            122
        ],
        "RMS":1.6641703202,
        "Resolution":[
            5605,
            5235
        ],
        "ScaleFactor":5.3333333333,
        "TransformContours":[
            20,
            -10,
            0,
            0,
            0,
            -80,
            0,
            35,
            0,
            0,
            -55,
            10,
            0,
            -5,
            5,
            0,
            10
        ],
        "TransformDisplay":[
            -20,
            5,
            0,
            0,
            0,
            0,
            0,
            15,
            0,
            0,
            0,
            20,
            0,
            0,
            0,
            0,
            0
        ]
    },
    "Threshold":{
        "HistogramCoat":5000,
        "HistogramScan":5000,
        "Occurrences":5,
        "Overlay":90.0,
        "PixelSize":0.002
    }
}